{"top1": 0.9911924119241192, "top3": 1.0, "top8": 1.0, "accuracy": 0.9911924119241192, "precision": 0.991874940714917, "recall": 0.9911924119241192, "f1": 0.9911393391031353}